[
    {
        "10": [
            {
                "morning": [
                    0,
                    15,
                    30,
                    45
                ]
            },
            {
                "day": [
                    0,
                    10,
                    20,
                    30,
                    40,
                    50
                ]
            },
            {
                "night": [
                    0,
                    30
                ]
            }
        ]
    },
    {
        "11": [
            {
                "morning": [
                    0,
                    15,
                    30,
                    45
                ]
            },
            {
                "day": [
                    0,
                    10,
                    20,
                    30,
                    40,
                    50
                ]
            },
            {
                "night": [
                    0
                ]
            }
        ]
    },
    {
        "12": [
            {
                "morning": [
                    0,
                    15,
                    30,
                    45
                ]
            },
            {
                "day": [
                    0,
                    10,
                    20,
                    30,
                    40,
                    50
                ]
            },
            {
                "night": [
                    0,
                    30
                ]
            }
        ]
    },
    {
        "13": [
            {
                "morning": [
                    0,
                    15,
                    30,
                    45
                ]
            },
            {
                "day": [
                    0,
                    10,
                    20,
                    30,
                    40,
                    50
                ]
            },
            {
                "night": [
                    0,
                    30
                ]
            }
        ]
    },
    {
        "14": [
            {
                "morning": [
                    0,
                    15,
                    30,
                    45
                ]
            },
            {
                "day": [
                    0,
                    10,
                    20,
                    30,
                    40,
                    50
                ]
            },
            {
                "night": [
                    0,
                    30
                ]
            }
        ]
    }
]
