[
    {
        "10": [
            {
                "morning": [
                    0,
                    15,
                    30,
                    45
                ]
            },
            {
                "day": [
                    0,
                    6,
                    12,
                    18,
                    24,
                    30,
                    36,
                    42,
                    48,
                    54
                ]
            },
            {
                "night": [
                    0,
                    20,
                    40
                ]
            }
        ]
    },
    {
        "11": [
            {
                "morning": [
                    0,
                    3,
                    6,
                    9,
                    12,
                    15,
                    18,
                    21,
                    24,
                    27,
                    30,
                    33,
                    36,
                    39,
                    42,
                    45,
                    48,
                    51,
                    54,
                    57
                ]
            },
            {
                "day": [
                    0,
                    5,
                    10,
                    15,
                    20,
                    25,
                    30,
                    35,
                    40,
                    45,
                    50,
                    55
                ]
            },
            {
                "night": [
                    0,
                    20,
                    40
                ]
            }
        ]
    },
    {
        "12": [
            {
                "morning": [
                    3,
                    18,
                    33,
                    48
                ]
            },
            {
                "day": [
                    0,
                    7,
                    14,
                    21,
                    28,
                    35,
                    42,
                    48,
                    55
                ]
            },
            {
                "night": [
                    0,
                    30
                ]
            }
        ]
    }
]
